Customer's Name,Contact,Guest(s),Room Number,Room Type,Check In Date,Check In Time,Check Out Date,Check Out Time,Fees,Discount,Total,Check in/out status,Confirmation Number
Eddy Ceniza,eduardo.ceniza@gmail.com,2,101,1,7/31/2023,2:00 PM,08/07/23,11:00 AM,$200.0,$0.0,$200.0,Checked Out,10000
Ori Cohen,Ori@email.com,5,101,1,12/01/2023,2:00 PM,12/05/2023,11:00 AM,$400.0,$100.0,$300.0,No,10001
ori cohen,ori@email.com,4,101,1,11/11/1111,2:00 PM,11/18/1111,11:00 AM,$700.0,$0.0,$700.0,No,10002
ori cohen,ori@email.com,3,302,3,11/11/1111,2:00 PM,11/19/1111,11:00 AM,$2000.0,$0.0,$2000.0,No,10003
Ori Cohen,Ori@csun.com,4,302,3,12/20/2023,2:00 PM,12/24/2023,11:00 AM,$1000.0,$0.0,$1000.0,No,10004
First Last,Email@email.com,4,202,2,12/12/2023,2:00 PM,12/18/2023,11:00 AM,$900.0,$0.0,$900.0,No,10005
ori,qwe,2,102,1,11/11/1111,2:00 PM,12/31/1111,11:00 AM,$5000.0,$0.0,$5000.0,No,10006
ori,sdsaf,2,301,3,11/11/1111,2:00 PM,11/11/1111,11:00 AM,$0.0,$0.0,$0.0,No,10007
